{"Running Train Loss": 4.014106874465942, "Epoch": 0, "_timestamp": 1693005710.4506612, "_runtime": 59.4372992515564, "_step": 24, "_wandb": {"runtime": 59}}