{"Running Train Loss": 4.568614482879639, "Epoch": 0, "_timestamp": 1693007930.8863802, "_runtime": 37.7523353099823, "_step": 10, "Train Accuracy": 0.203125, "_wandb": {"runtime": 92}}