{"Running Train Loss": 4.891519665718079, "Epoch": 0, "_timestamp": 1693007467.751769, "_runtime": 33.757364988327026, "_step": 9, "_wandb": {"runtime": 32}}