{"Running Train Loss": 4.435115551948547, "Epoch": 0, "_timestamp": 1693006808.5300465, "_runtime": 34.03507852554321, "_step": 9}