{"Running Train Loss": 4.707885313034057, "Epoch": 0, "_timestamp": 1693007834.217767, "_runtime": 38.18569493293762, "_step": 10, "Train Accuracy": 0.203125, "_wandb": {"runtime": 38}}