{"Running Train Loss": 4.5899763107299805, "Epoch": 0, "_timestamp": 1693007350.8843887, "_runtime": 30.298856735229492, "_step": 9, "_wandb": {"runtime": 30}}