{"Running Train Loss": 4.25400710105896, "Epoch": 0, "_timestamp": 1692997344.8442936, "_runtime": 740.9399285316467, "_step": 1}