{"Running Train Loss": 3.666595435142517, "Epoch": 0, "_timestamp": 1692996513.231538, "_runtime": 43.79669404029846, "_step": 49, "_wandb": {"runtime": 54}}