{"Running Train Loss": 2.9654166758060456, "Epoch": 0, "_timestamp": 1692994773.7399995, "_runtime": 496.87401056289673, "_step": 799, "_wandb": {"runtime": 692}}