{"Running Train Loss": 3.527763214111328, "Epoch": 0, "_timestamp": 1693005935.9794478, "_runtime": 87.05548477172852, "_step": 49, "_wandb": {"runtime": 111}}