{"Running Train Loss": 2.9728664648838534, "Epoch": 0, "_timestamp": 1692993946.9577749, "_runtime": 379.3356318473816, "_step": 623}