{"Running Train Loss": 3.0993887776195415, "Epoch": 0, "_timestamp": 1692994254.1432848, "_runtime": 125.6148087978363, "_step": 201, "_wandb": {"runtime": 125}}