{"Running Train Loss": 4.440061807632446, "Epoch": 0, "_timestamp": 1693006640.1217062, "_runtime": 105.14037227630615, "_step": 1}