{"Running Train Loss": 3.9942575454711915, "Epoch": 0, "_timestamp": 1692997555.3502579, "_runtime": 90.65787482261658, "_step": 49}