{"Running Train Loss": 3.1506408793585643, "Epoch": 0, "_timestamp": 1693008153.084977, "_runtime": 123.56356692314148, "_step": 195}