{"Running Train Loss": 4.30450484752655, "Epoch": 0, "_timestamp": 1693006909.6870842, "_runtime": 34.124507188797, "_step": 9}